<?xml version="1.0" encoding="UTF-8"?>
<project-private xmlns="http://www.netbeans.org/ns/project-private/1">
    <editor-bookmarks xmlns="http://www.netbeans.org/ns/editor-bookmarks/2" lastBookmarkId="0"/>
    <open-files xmlns="http://www.netbeans.org/ns/projectui-open-files/2">
        <group>
            <file>file://ad.ocdsb.ca/studenthome/3/S199817793/Testt/vestrel00-simple-library-system-with-gui-80ad5438352a/vestrel00-simple-library-system-with-gui-80ad5438352a/library/src/library/view/LibraryInterface.java</file>
            <file>file://ad.ocdsb.ca/studenthome/3/S199817793/Testt/vestrel00-simple-library-system-with-gui-80ad5438352a/vestrel00-simple-library-system-with-gui-80ad5438352a/library/src/library/view/BrowseLibraryPanel.java</file>
            <file>file://ad.ocdsb.ca/studenthome/3/S199817793/Testt/vestrel00-simple-library-system-with-gui-80ad5438352a/vestrel00-simple-library-system-with-gui-80ad5438352a/library/src/library/view/LoadScreen.java</file>
        </group>
    </open-files>
</project-private>
